0.898863,4248,Detroit Alliance for Fair Banking,0,0.898863,1,382977476,DETROIT ALLIANCE FOR FAIR BANKING
0.898863,423,PuppetART,1,0.898863,1,383279650,PUPPETART
0.898863,395,Northeast Guidance Center,2,0.898863,1,381752961,NORTHEAST GUIDANCE CENTER
0.898863,534,Wayne Children's Healthcare Access Program,3,0.898863,1,454949783,WAYNE CHILDRENS HEALTHCARE ACCESS PROGRAM
0.898863,551,Women's Leadership Forum,4,0.898863,1,300101343,WOMENS LEADERSHIP FORUM
0.898863,523,"Urban Neighborhood Initiatives, Inc",5,0.898863,1,383417161,URBAN NEIGHBORHOOD INITIATIVES INC
0.898863,172,"Detroit Riverfront Conservancy, Inc",6,0.898863,1,300125283,DETROIT RIVERFRONT CONSERVANCY INC
0.898863,3728,Gamma Lambda Community Development Corporation,7,0.898863,1,208794470,GAMMA LAMBDA COMMUNITY DEVELOPMENT CORPORATION
0.898863,556,Young Detroit Builders,8,0.898863,1,383136276,YOUNG DETROIT BUILDERS
0.898863,557,Young Nation,9,0.898863,1,262296175,YOUNG NATION
0.898863,547,Wellspring,10,0.898863,1,383043083,WELLSPRING
0.898863,546,We Care Senior Meals Program,11,0.898863,1,371468608,WE CARE SENIOR MEALS PROGRAM
0.898863,537,Wayne County Neighborhood Legal Services,12,0.898863,1,381818068,WAYNE COUNTY NEIGHBORHOOD LEGAL SERVICES
0.898863,539,Wayne State University,13,0.898863,1,383555142,WAYNE STATE UNIVERSITY
0.898863,555,YMCA of Metropolitan Detroit,14,0.898863,1,381358055,YMCA OF METROPOLITAN DETROIT
0.898863,458,Southeastern Michigan Health Association,15,0.898863,1,381671500,SOUTHEASTERN MICHIGAN HEALTH ASSOCIATION
0.898863,460,"Southwest Counseling Solutions, Inc",16,0.898863,1,382042021,SOUTHWEST COUNSELING SOLUTIONS INC
0.898863,462,Southwest Detroit Community Benefits Coalition,17,0.898863,1,462451447,SOUTHWEST DETROIT COMMUNITY BENEFITS COALITION
0.898863,463,Southwest Detroit Environmental Vision Project,18,0.898863,1,383068006,SOUTHWEST DETROIT ENVIRONMENTAL VISION PROJECT
0.898863,464,Southwest Housing Solutions Corporation,19,0.898863,1,382324335,SOUTHWEST HOUSING SOLUTIONS CORPORATION
0.898863,4,"100 Black Men of Greater Detroit, Inc ",20,0.898863,1,383124115,100 BLACK MEN OF GREATER DETROIT INC
0.898863,466,"Southwest Solutions, Inc",21,0.898863,1,382672000,SOUTHWEST SOLUTIONS INC
0.898863,385,Neighborhood Service Organization,22,0.898863,1,381561624,NEIGHBORHOOD SERVICE ORGANIZATION
0.898863,502,Travelers Aid Society of Metropolitan Detroit,23,0.898863,1,381358052,TRAVELERS AID SOCIETY OF METROPOLITAN DETROIT
0.898863,482,State Voices,24,0.898863,1,201115618,STATE VOICES
0.898863,496,Theodore Levin Memorial Foundation,25,0.898863,1,237156442,THEODORE LEVIN MEMORIAL FOUNDATION
0.898863,145,Detroit Development Fund,26,0.898863,1,383322605,DETROIT DEVELOPMENT FUND
0.898863,404,Optimist Club Foundation of Central Detroit,27,0.898863,1,382832969,OPTIMIST CLUB FOUNDATION OF CENTRAL DETROIT
0.898863,347,Michigan Legal Services,28,0.898863,1,237383477,MICHIGAN LEGAL SERVICES
0.898863,414,Power House Productions,29,0.898863,1,271435687,POWER HOUSE PRODUCTIONS
0.898863,353,Michigan Roundtable for Diversity and Inclusion,30,0.898863,1,203122770,MICHIGAN ROUNDTABLE FOR DIVERSITY AND INCLUSION
0.898863,354,Michigan Science Center,31,0.898863,1,455190355,MICHIGAN SCIENCE CENTER
0.898863,350,Michigan Opera Theatre,32,0.898863,1,382052726,MICHIGAN OPERA THEATRE
0.898863,332,"Matrix Theatre Company, Inc",33,0.898863,1,382989747,MATRIX THEATRE COMPANY INC
0.898863,2816,Michigan Youth Appreciation Foundation,34,0.898863,1,383335060,MICHIGAN YOUTH APPRECIATION FOUNDATION
0.898863,2864,Southwest Detroit Community Justice Center,35,0.898863,1,462780452,SOUTHWEST DETROIT COMMUNITY JUSTICE CENTER
0.898863,2862,Voices of Detroit Initiative,36,0.898863,1,202333719,VOICES OF DETROIT INITIATIVE
0.898863,2874,M-1 Rail,37,0.898863,1,262310566,M-1 RAIL
0.898863,2917,Detroit Bar Association Foundation,38,0.898863,1,381870033,DETROIT BAR ASSOCIATION FOUNDATION
0.898863,3761,Michigan Interfaith Voice,39,0.898863,1,371476114,MICHIGAN INTERFAITH VOICE
0.898863,579,Wayne County SAFE Program,40,0.898863,1,200631006,WAYNE COUNTY SAFE PROGRAM
0.898863,578,Reading Works,41,0.898863,1,454493786,READING WORKS
0.898863,576,Detroit Public Safety Foundation,42,0.898863,1,300056848,DETROIT PUBLIC SAFETY FOUNDATION
0.898863,217,Fellowship Chapel,43,0.898863,1,381841992,FELLOWSHIP CHAPEL
0.898863,216,Federation of Youth Services,44,0.898863,1,381860313,FEDERATION OF YOUTH SERVICES
0.898863,223,Focus: HOPE,45,0.898863,1,381948285,FOCUS HOPE
0.898863,73,Caring Athletes Team for Children's and Henry Ford Hospitals,46,0.898863,1,382746810,CARING ATHLETES TEAM FOR CHILDRENS AND HENRY FORD HOSPITALS
0.898863,289,"Jefferson East, Inc",47,0.898863,1,383231066,JEFFERSON EAST INC
0.898863,263,Henry Ford Health System,48,0.898863,1,381357020,HENRY FORD HEALTH SYSTEM
0.898863,302,Kendall Community Development Corporation,49,0.898863,1,383093894,KENDALL COMMUNITY DEVELOPMENT CORPORATION
0.898863,314,"Latino Family Services, Inc",50,0.898863,1,381988679,LATINO FAMILY SERVICES INC
0.898863,313,"Latin Americans for Social and Economic Development, Inc",51,0.898863,1,381892670,LATIN AMERICANS FOR SOCIAL AND ECONOMIC DEVELOPMENT INC
0.898863,190,"Downtown Detroit Partnership, Inc",52,0.898863,1,383436456,DOWNTOWN DETROIT PARTNERSHIP INC
0.898863,590,Aquaculture Research Corporation,53,0.898863,1,262589947,AQUACULTURE RESEARCH CORPORATION
0.898863,594,Christ Child Society of Detroit,54,0.898863,1,381404582,CHRIST CHILD SOCIETY OF DETROIT
0.898863,342,Michigan Coalition for Human Rights,55,0.898863,1,382362147,MICHIGAN COALITION FOR HUMAN RIGHTS
0.898863,293,"Joy of Jesus, Inc",56,0.898863,1,382138661,JOY OF JESUS INC
0.898863,245,Grandmont Rosedale Development Corporation,57,0.898863,1,382885952,GRANDMONT ROSEDALE DEVELOPMENT CORPORATION
0.898863,331,Matrix Human Services,58,0.898863,1,381358015,MATRIX HUMAN SERVICES
0.898863,253,Greening of Detroit,59,0.898863,1,310036036,GREENING OF DETROIT
0.898863,249,Greater Detroit Agency for the Blind and Visually Impaired,60,0.898863,1,381683860,GREATER DETROIT AGENCY FOR THE BLIND AND VISUALLY IMPAIRED
0.898863,250,Greater New Mt Moriah Baptist Church,61,0.898863,1,381723761,GREATER NEW MT MORIAH BAPTIST CHURCH
0.898863,40,Barbara Ann Karmanos Cancer Institute,62,0.898863,1,381613280,BARBARA ANN KARMANOS CANCER INSTITUTE
0.898863,320,Living Arts,63,0.898863,1,431950379,LIVING ARTS
0.898863,525,Vanguard Community Development Corporation,64,0.898863,1,383201091,VANGUARD COMMUNITY DEVELOPMENT CORPORATION
0.898863,531,Waldorf School Association of Michigan,65,0.898863,1,381790921,WALDORF SCHOOL ASSOCIATION OF MICHIGAN
0.898863,530,VSA Michigan,66,0.898863,1,382690117,VSA MICHIGAN
0.898863,526,Villages Community Development Corporation,67,0.898863,1,364598309,VILLAGES COMMUNITY DEVELOPMENT CORPORATION
0.898863,286,"James Tatum Foundation for the Arts, Inc",68,0.898863,1,382834537,JAMES TATUM FOUNDATION FOR THE ARTS INC
0.898863,2750,Detroit Public Schools Foundation,69,0.898863,1,300135450,DETROIT PUBLIC SCHOOLS FOUNDATION
0.898863,283,"International Institute of Metropolitan Detroit, Inc",70,0.898863,1,381358200,INTERNATIONAL INSTITUTE OF METROPOLITAN DETROIT INC
0.898863,280,InsideOut Literary Arts Project,71,0.898863,1,311428704,INSIDEOUT LITERARY ARTS PROJECT
0.898863,101,City Connect Detroit,72,0.898863,1,383570727,CITY CONNECT DETROIT
0.898863,113,Community Health Awareness Group,73,0.898863,1,382704374,COMMUNITY HEALTH AWARENESS GROUP
0.898863,109,"Communities in Schools of Detroit, Inc ",74,0.898863,1,383257060,COMMUNITIES IN SCHOOLS OF DETROIT INC
0.898863,108,College for Creative Studies,75,0.898863,1,381550064,COLLEGE FOR CREATIVE STUDIES
0.898863,33,"Arts League of Michigan, Inc",76,0.898863,1,383027410,ARTS LEAGUE OF MICHIGAN INC
0.898863,34,Asian and Pacific Islander American Vote - Michigan,77,0.898863,1,264514751,ASIAN AND PACIFIC ISLANDER AMERICAN VOTE - MICHIGAN
0.898863,32,Arts & Scraps,78,0.898863,1,382831910,ARTS & SCRAPS
0.898863,3510,Bushnell Congregational Church,79,0.898863,1,381474904,BUSHNELL CONGREGATIONAL CHURCH
0.898863,417,Pro-Literacy Detroit,80,0.898863,1,382870392,PROLITERACY DETROIT
0.898863,452,"Sickle Cell Disease Association of America Michigan Chapter, Inc",81,0.898863,1,381963640,SICKLE CELL DISEASE ASSOCIATION OF AMERICA MICHIGAN CHAPTER INC
0.898863,134,Detroit Catholic Pastoral Alliance,82,0.898863,1,382938993,DETROIT CATHOLIC PASTORAL ALLIANCE
0.898863,135,"Detroit Central City Community Mental Health, Inc",83,0.898863,1,381986574,DETROIT CENTRAL CITY COMMUNITY MENTAL HEALTH INC
0.898863,90,Children's Hospital of Michigan Foundation,84,0.898863,1,320087353,CHILDRENS HOSPITAL OF MICHIGAN FOUNDATION
0.898863,468,"Sphinx Organization, Inc",85,0.898863,1,383283759,SPHINX ORGANIZATION INC
0.898863,479,"St Patrick Senior Center, Inc",86,0.898863,1,382953534,ST PATRICK SENIOR CENTER INC
0.898863,3977,Emmanuel House,87,0.898863,1,383303758,EMMANUEL HOUSE
0.898863,568,"Detroit Eastside Community Collaborative, Inc",88,0.898863,1,383306975,DETROIT EASTSIDE COMMUNITY COLLABORATIVE INC
0.898863,566,Belle Isle Conservancy,89,0.898863,1,237348118,BELLE ISLE CONSERVANCY
0.898863,155,"Detroit Impact, Inc",90,0.898863,1,383063817,DETROIT IMPACT INC
0.898863,4302,Metropolitan Detroit Center for Independent Living,91,0.898863,1,320171869,METROPOLITAN DETROIT CENTER FOR INDEPENDENT LIVING
0.898863,4272,Northwest Detroit Youth Coalition,92,0.898863,1,383441362,NORTHWEST DETROIT YOUTH COALITION
0.898863,391,New Urban Learning,93,0.898863,1,383502936,NEW URBAN LEARNING
0.898863,387,"New Detroit, Inc",94,0.898863,1,386159215,NEW DETROIT INC
0.898863,243,Goodwill Industries of Greater Detroit,95,0.898863,1,381362823,GOODWILL INDUSTRIES OF GREATER DETROIT
0.898863,179,Detroit Urban Lutheran School,96,0.898863,1,381988927,DETROIT URBAN LUTHERAN SCHOOL
0.898863,3218,Detroit Economic Club,97,0.898863,1,380508823,DETROIT ECONOMIC CLUB
0.898863,3213,Perfecting Community Development Corporation,98,0.898863,1,383174969,PERFECTING COMMUNITY DEVELOPMENT CORPORATION
0.898863,238,Generation of Promise Program,99,0.898863,1,383159328,GENERATION OF PROMISE PROGRAM
0.898863,335,Mercy Education Project,100,0.898863,1,383209556,MERCY EDUCATION PROJECT
0.898863,273,"Hospice of Michigan, Inc",101,0.898863,1,382255529,HOSPICE OF MICHIGAN INC
0.898863,559,Youth Development Commission,102,0.898863,1,383228044,YOUTH DEVELOPMENT COMMISSION
0.898863,508,United Health Organization,103,0.898863,1,381853374,UNITED HEALTH ORGANIZATION
0.898863,490,The Parade Company,104,0.898863,1,382684772,THE PARADE COMPANY
0.898863,236,Friends School in Detroit,105,0.898863,1,381753900,FRIENDS SCHOOL IN DETROIT
0.898863,4247,Comerica Charitable Foundation,106,0.898863,1,383373052,COMERICA CHARITABLE FOUNDATION
0.898863,602,Grosfeld Foundation,107,0.898863,1,382575307,GROSFELD FOUNDATION
0.898863,242,"Gleaners Community Food Bank, Inc",108,0.898863,1,382156255,GLEANERS COMMUNITY FOOD BANK INC
0.898863,195,Ecumenical Theological Seminary,109,0.898863,1,382385150,ECUMENICAL THEOLOGICAL SEMINARY
0.898863,601,Ethel and James Flinn Foundation,110,0.898863,1,382143122,ETHEL AND JAMES FLINN FOUNDATION
0.898863,240,Girl Scouts of Southeastern Michigan,111,0.898863,1,381598947,GIRL SCOUTS OF SOUTHEASTERN MICHIGAN
0.898863,3140,Bizdom U Fund,112,0.898863,1,260730096,BIZDOM U FUND
0.898863,3012,Detroit Chapter of the National Association of Black Journalists,113,0.898863,1,382532035,DETROIT CHAPTER OF THE NATIONAL ASSOCIATION OF BLACK JOURNALISTS
0.898863,4043,North Rosedale Park Civic Association,114,0.898863,1,380882424,NORTH ROSEDALE PARK CIVIC ASSOCIATION
0.898863,4151,Detroit/Wayne County Port Authority,115,0.898863,1,382369559,DETROIT WAYNE COUNTY PORT AUTHORITY
0.898863,4154,Detroit Crime Commission,116,0.898863,1,452920005,DETROIT CRIME COMMISSION
0.898863,131,Detroit Artists Market,117,0.898863,1,381539993,DETROIT ARTISTS MARKET
0.898863,338,Metropolitan Affairs Coalition,118,0.898863,1,381602801,METROPOLITAN AFFAIRS COALITION
0.898863,257,Hatch Detroit,119,0.898863,1,452450389,HATCH DETROIT
0.898863,192,East Michigan Christian Community Development Association,120,0.898863,1,271868498,EAST MICHIGAN CHRISTIAN COMMUNITY DEVELOPMENT ASSOCIATION
0.898863,75,Cass Corridor Neighborhood Development Corporation,121,0.898863,1,382442238,CASS CORRIDOR NEIGHBORHOOD DEVELOPMENT CORPORATION
0.898863,77,Cathedral of Faith,122,0.898863,1,381978679,CATHEDRAL OF FAITH
0.898863,83,Central Detroit Christian Community Development Corporation,123,0.898863,1,383128822,CENTRAL DETROIT CHRISTIAN COMMUNITY DEVELOPMENT CORPORATION
0.898863,429,"Rebirth, Inc",124,0.898863,1,382204857,REBIRTH INC
0.898863,345,"Michigan Future, Inc",125,0.898863,1,383001180,MICHIGAN FUTURE INC
0.898863,74,"Cass Community Social Services, Inc",126,0.898863,1,383429921,CASS COMMUNITY SOCIAL SERVICES INC
0.898863,46,Berean Chapel of Detroit,127,0.898863,1,386109098,BEREAN CHAPEL OF DETROIT
0.898863,49,Black Caucus Foundation of Michigan,128,0.898863,1,382739884,BLACK CAUCUS FOUNDATION OF MICHIGAN
0.898863,48,Big Brothers Big Sisters of Metropolitan Detroit,129,0.898863,1,386112533,BIG BROTHERS BIG SISTERS OF METROPOLITAN DETROIT
0.898863,50,"Black Family Development, Inc",130,0.898863,1,382248479,BLACK FAMILY DEVELOPMENT INC
0.898863,53,"Black United Fund of Michigan, Inc",131,0.898863,1,381964012,BLACK UNITED FUND OF MICHIGAN INC
0.898863,126,Delray United Action Council,132,0.898863,1,382001102,DELRAY UNITED ACTION COUNCIL
0.898863,266,Heritage Works,133,0.898863,1,383581720,HERITAGE WORKS
0.898863,123,Crossroads of Michigan,134,0.898863,1,382539852,CROSSROADS OF MICHIGAN
0.898863,317,Lions Hearing Center of Michigan,135,0.898863,1,201311803,LIONS HEARING CENTER OF MICHIGAN
0.898863,129,Detroit Area Agency on Aging,136,0.898863,1,382320421,DETROIT AREA AGENCY ON AGING
0.898863,120,Covenant House Michigan,137,0.898863,1,383351777,COVENANT HOUSE MICHIGAN
0.898863,119,"Covenant Community Care, Inc",138,0.898863,1,383533998,COVENANT COMMUNITY CARE INC
0.898863,116,Cornerstone Schools Association,139,0.898863,1,382995984,CORNERSTONE SCHOOLS ASSOCIATION
0.898863,128,Detroit 300 Conservancy,140,0.898863,1,300002873,DETROIT 300 CONSERVANCY
0.898863,208,"Eta Phi Beta Sorority, Inc",141,0.898863,1,310892078,ETA PHI BETA SORORITY INC
0.898863,229,"Franklin-Wright Settlements, Inc",142,0.898863,1,381845857,FRANKLIN-WRIGHT SETTLEMENTS INC
0.898863,212,Fair Housing Center of Metropolitan Detroit,143,0.898863,1,382155505,FAIR HOUSING CENTER OF METROPOLITAN DETROIT
0.898863,363,Midnight Golf Program,144,0.898863,1,383580432,MIDNIGHT GOLF PROGRAM
0.898863,3420,Neighbors Building Brightmoor,145,0.898863,1,271578269,NEIGHBORS BUILDING BRIGHTMOOR
0.898863,3414,Minerva Education and Development Foundation,146,0.898863,1,383068654,MINERVA EDUCATION AND DEVELOPMENT FOUNDATION
0.898863,264,Henry Ford Health System Foundation,147,0.898863,1,237383042,HENRY FORD HEALTH SYSTEM FOUNDATION
0.898863,334,McGregor Fund,148,0.898863,1,380808800,MCGREGOR FUND
0.898863,274,Hudson-Webber Foundation,149,0.898863,1,386052131,HUDSON-WEBBER FOUNDATION
0.898863,4705,Detroit Employment Solutions Corporation,150,0.898863,1,383353746,DETROIT EMPLOYMENT SOLUTIONS CORPORATION
0.898863,191,DTE Energy Foundation,151,0.898863,1,382708636,DTE ENERGY FOUNDATION
0.898863,512,United Way for Southeastern Michigan,152,0.898863,1,203099071,UNITED WAY FOR SOUTHEASTERN MICHIGAN
0.898863,111,Community Foundation for Southeast Michigan,153,0.898863,1,382530980,COMMUNITY FOUNDATION FOR SOUTHEAST MICHIGAN
0.898863,454,Skillman Foundation,154,0.898863,1,381675780,SKILLMAN FOUNDATION
0.898863,24,American Civil Liberties Union Fund of Michigan,155,0.898863,1,237243421,AMERICAN CIVIL LIBERTIES UNION FUND OF MICHIGAN
0.898863,3174,Homes for Black Children,156,0.898863,1,237133965,HOMES FOR BLACK CHILDREN
0.898863,20,Alternatives for Girls,157,0.898863,1,382766412,ALTERNATIVES FOR GIRLS
0.898863,330,Marygrove College,158,0.898863,1,381358399,MARYGROVE COLLEGE
0.898863,572,Millan Theatre Company,159,0.898863,1,381689662,MILLAN THEATRE COMPANY
0.898863,453,Sisters Acquiring Financial Empowerment,160,0.898863,1,204507746,SISTERS ACQUIRING FINANCIAL EMPOWERMENT
0.898863,3172,Pure Word Missionary Baptist Church,161,0.898863,1,382789162,PURE WORD MISSIONARY BAPTIST CHURCH
0.898863,445,Scarab Club,162,0.898863,1,381359568,SCARAB CLUB
0.898863,511,United Sisters of Charity,163,0.898863,1,382466601,UNITED SISTERS OF CHARITY
0.898863,309,"L & L Adult Day Care, Inc",164,0.898863,1,260009074,L & L ADULT DAY CARE INC
0.898863,517,University of Detroit Mercy,165,0.898863,1,381360586,UNIVERSITY OF DETROIT MERCY
0.898863,567,CultureSource,166,0.898863,1,261476029,CULTURESOURCE
0.898863,513,University Cultural Center Association,167,0.898863,1,382134035,UNIVERSITY CULTURAL CENTER ASSOCIATION
0.898863,364,"Midtown Detroit, Inc",168,0.898863,1,454582324,MIDTOWN DETROIT INC
0.898863,186,"Development Centers, Inc",169,0.898863,1,382440204,DEVELOPMENT CENTERS INC
0.898863,185,Detroiters Working for Environmental Justice,170,0.898863,1,383259924,DETROITERS WORKING FOR ENVIRONMENTAL JUSTICE
0.898863,173,Detroit Rotary Foundation,171,0.898863,1,386150149,DETROIT ROTARY FOUNDATION
0.898863,3679,"Men Who Dare, Inc",172,0.898863,1,386106297,MEN WHO DARE INC
0.898863,3662,Oneda Development Corporation,173,0.898863,1,611444566,ONEDA DEVELOPMENT CORPORATION
0.898863,3502,After Christ Ministries,174,0.898863,1,383178902,AFTER CHRIST MINISTRIES
0.898863,507,United Community Housing Coalition,175,0.898863,1,382142140,UNITED COMMUNITY HOUSING COALITION
0.898863,483,Stratford Shakespearean Festival of America,176,0.898863,1,383482111,STRATFORD SHAKESPEAREAN FESTIVAL OF AMERICA
0.898863,272,Horatio Williams Foundation,177,0.898863,1,204981277,HORATIO WILLIAMS FOUNDATION
0.898863,605,Herrick Foundation,178,0.898863,1,386041517,HERRICK FOUNDATION
0.898863,4053,Liberty Temple Baptist Church,179,0.898863,1,382352009,LIBERTY TEMPLE BAPTIST CHURCH
0.898863,4112,Mack Alive,180,0.898863,1,383210177,MACK ALIVE
0.898863,4186,Detroit Recovery Project,181,0.898863,1,432078767,DETROIT RECOVERY PROJECT
0.898863,112,Community Health and Social Services Center,182,0.898863,1,383094394,COMMUNITY HEALTH AND SOCIAL SERVICES CENTER
0.898863,64,"Brightmoor Alliance, Inc",183,0.898863,1,61744841,BRIGHTMOOR ALLIANCE INC
0.898863,63,"Bridging Communities, Inc",184,0.898863,1,383434841,BRIDGING COMMUNITIES INC
0.898863,61,Brazeal Dennard Chorale,185,0.898863,1,382596841,BRAZEAL DENNARD CHORALE
0.898863,65,Brightmoor Community Center,186,0.898863,1,381358169,BRIGHTMOOR COMMUNITY CENTER
0.898863,29,Archdiocese of Detroit,187,0.898863,1,381359274,ARCHDIOCESE OF DETROIT
0.898863,30,ARISE Detroit,188,0.898863,1,412236779,ARISE DETROIT
0.898863,11,"AIDS Partnership Michigan, Inc",189,0.898863,1,382464851,AIDS PARTNERSHIP MICHIGAN INC
0.898863,12,Alkebu-Lan Village,190,0.898863,1,383073923,ALKEBU-LAN VILLAGE
0.898863,13,All Four One,191,0.898863,1,640954674,ALL FOUR ONE
0.898863,165,"Detroit Performing Artists, Inc",192,0.898863,1,382788349,DETROIT PERFORMING ARTISTS INC
0.898863,164,Detroit Parent Network,193,0.898863,1,331054423,DETROIT PARENT NETWORK
0.898863,169,"Detroit Regional Chamber Foundation, Inc",194,0.898863,1,382352462,DETROIT REGIONAL CHAMBER FOUNDATION INC
0.898863,411,"Pewabic Society, Inc",195,0.898863,1,382277840,PEWABIC SOCIETY INC
0.898863,163,Detroit Midtown Micro-Enterprise Fund Corporation,196,0.898863,1,202593806,DETROIT MIDTOWN MICRO-ENTERPRISE FUND CORPORATION
0.898863,426,Racquet Up Detroit,197,0.898863,1,272620275,RACQUET UP DETROIT
0.898863,374,"Music Hall Center for the Performing Arts, Inc",198,0.898863,1,382019397,MUSIC HALL CENTER FOR THE PERFORMING ARTS INC
0.898863,4255,Detroit Literacy Coalition,199,0.898863,1,382843769,DETROIT LITERACY COALITION
0.898863,370,"Motor City Blight Busters, Inc",200,0.898863,1,383025057,MOTOR CITY BLIGHT BUSTERS INC
0.898863,4646,"Signal Return, Inc",201,0.898863,1,452694042,SIGNAL RETURN INC
0.898863,4648,"Pro Musica of Detroit, Inc",202,0.898863,1,382220004,PRO MUSICA OF DETROIT INC
0.898863,4643,Zonta Club of Detroit I-Diane Foundation,203,0.898863,1,383627023,ZONTA CLUB OF DETROIT I-DIANE FOUNDATION
0.898863,4626,Community Chorus of Detroit,204,0.898863,1,611655773,COMMUNITY CHORUS OF DETROIT
0.898863,203,Empowerment Plan,205,0.898863,1,453265365,EMPOWERMENT PLAN
0.898863,202,"Elmhurst Home, Inc",206,0.898863,1,381947263,ELMHURST HOME INC
0.898863,294,Joy-Southfield Community Development Corporation,207,0.898863,1,383622930,JOY-SOUTHFIELD COMMUNITY DEVELOPMENT CORPORATION
0.898863,299,Keep Growing Detroit,208,0.898863,1,800892277,KEEP GROWING DETROIT
0.898863,285,"Jackets for Jobs, Inc",209,0.898863,1,383564676,JACKETS FOR JOBS INC
0.898863,316,Life Challenge of Southeastern Michigan,210,0.898863,1,381797940,LIFE CHALLENGE OF SOUTHEASTERN MICHIGAN
0.898863,401,"One of Us, Inc",211,0.898863,1,383261794,ONE OF US INC
0.898863,297,Kappa Detroit Foundation,212,0.898863,1,383091767,KAPPA DETROIT FOUNDATION
0.898863,7,Accounting Aid Society,213,0.898863,1,237310753,ACCOUNTING AID SOCIETY
0.898863,6,Abayomi Community Development Corporation,214,0.898863,1,383407865,ABAYOMI COMMUNITY DEVELOPMENT CORPORATION
0.898863,329,Mariners Inn,215,0.898863,1,382136488,MARINERS INN
0.898863,415,Prevailing Community Development Corporation,216,0.898863,1,383505176,PREVAILING COMMUNITY DEVELOPMENT CORPORATION
0.898863,327,"Man Power Mentoring, Inc",217,0.898863,1,260714921,MAN POWER MENTORING INC
0.898863,153,Detroit Hispanic Development Corporation,218,0.898863,1,383355698,DETROIT HISPANIC DEVELOPMENT CORPORATION
0.898863,154,Detroit Historical Society,219,0.898863,1,381381144,DETROIT HISTORICAL SOCIETY
0.898863,151,Detroit Food Policy Council,220,0.898863,1,800651401,DETROIT FOOD POLICY COUNCIL
0.898863,104,Clark Park Coalition,221,0.898863,1,383462192,CLARK PARK COALITION
0.898863,105,Coalition on Temporary Shelter,222,0.898863,1,382420565,COALITION ON TEMPORARY SHELTER
0.898863,102,City Mission,223,0.898863,1,383419604,CITY MISSION
0.898863,344,Michigan Community Resources,224,0.898863,1,205764501,MICHIGAN COMMUNITY RESOURCES
0.898863,69,Business Leaders for Michigan Foundation,225,0.898863,1,237101167,BUSINESS LEADERS FOR MICHIGAN FOUNDATION
0.898863,70,Campbell Academic Services,226,0.898863,1,383596101,CAMPBELL ACADEMIC SERVICES
0.898863,607,Jazz Network Foundation,227,0.898863,1,383342664,JAZZ NETWORK FOUNDATION
0.891829,438,Ronald McDonald House Charities of Southeastern Michigan,228,0.891829,1,382182406,RONALD MCDONALD HOUSE CHARITIES OF SOUTHEASTERN MICHIGAN INC
0.890118,421,Province of St Joseph of the Capuchin Order,229,0.890118,1,381525161,PROVINCE OF ST JOSEPH OF THE CAPUCHIN ORDER INC
0.889346,295,"Junior Achievement of Southeastern Michigan, Inc",230,0.889346,1,381348535,JUNIOR ACHIEVEMENT OF SOUTHEASTERN MICHIGAN
0.888889,193,East Michigan Environmental Action Council,231,0.888889,1,237241219,EAST MICHIGAN ENVIRONMENTAL ACTION COUNCIL INC
0.888878,312,"Land Assembly for Neighborhood Development, Inc",232,0.888878,1,383539368,LAND ASSEMBLY FOR NEIGHBORHOOD DEVELOPMENT
0.888464,376,"National Association of Black Accountants, Inc",233,0.888464,1,237287046,NATIONAL ASSOCIATION OF BLACK ACCOUNTANTS
0.888247,132,"Detroit Association of Black Organizations, Inc",234,0.888247,1,382269016,DETROIT ASSOCIATION OF BLACK ORGANIZATIONS
0.88824,167,Detroit Public Library Friends Foundation,235,0.88824,1,381387108,DETROIT PUBLIC LIBRARY FRIENDS FOUNDATION INC
0.887296,315,Legal Aid and Defender Association,236,0.887296,1,381358203,LEGAL AID AND DEFENDER ASSOCIATION INC
0.886492,3909,Greater Detroit Area Health Council,237,0.886492,1,381360904,GREATER DETROIT AREA HEALTH COUNCIL INC
0.886364,142,Detroit Cristo Rey High School,238,0.886364,1,263176934,DETROIT CRISTO REY HIGH SCHOOL INC
0.886268,461,Southwest Detroit Business Association,239,0.886268,1,382262287,SOUTHWEST DETROIT BUSINESS ASSOCIATION INC
0.885601,598,Detroit Community Health Connection,240,0.885601,1,382824772,DETROIT COMMUNITY HEALTH CONNECTION INC
0.883768,390,New Paradigm for Education,241,0.883768,1,272059007,NEW PARADIGM FOR EDUCATION INC
0.883679,424,Quality Behavioral Health,242,0.883679,1,383259358,QUALITY BEHAVIORAL HEALTH INC
0.883252,371,Motown Historical Museum,243,0.883252,1,382614561,MOTOWN HISTORICAL MUSEUM INC
0.883192,118,Courville Concert Choir,244,0.883192,1,383145566,COURVILLE CONCERT CHOIR INC
0.881832,19,Allied Media Projects,245,0.881832,1,10559608,ALLIED MEDIA PROJECTS INC
0.881209,256,"Harriet Tubman Center, Inc",246,0.881209,1,10885325,HARRIET TUBMAN CENTER
0.880847,137,Detroit Childrens Choir,247,0.880847,1,331141820,DETROIT CHILDRENS CHOIR INC
0.880828,359,Michigan Veterans Foundation,248,0.880828,1,382857628,MICHIGAN VETERANS FOUNDATION INC
0.880708,536,Wayne County Kidspace,249,0.880708,1,382843816,WAYNE COUNTY KIDSPACE INC
0.877467,178,"Detroit Urban League, Inc",250,0.877467,1,381358387,DETROIT URBAN LEAGUE
0.875801,199,Effective Alternative Community Housing,251,0.875801,1,382587064,EFFECTIVE ALTERNATIVE COMMUNITY HOUSING SERVICES
0.875499,640,Cityscape Detroit,252,0.875499,1,382386077,CITYSCAPE DETROIT INC
0.875294,362,Michigan's Thanksgiving Parade Foundation,253,0.875294,1,382460378,MICHIGANS THANKSGIVING PARADE
0.874777,189,"Don Bosco Hall, Inc",254,0.874777,1,381627081,DON BOSCO HALL
0.866459,2754,Institute for Population Health Inc.,255,0.866459,1,352445761,INSTITUTE FOR POPULATION HEALTH INC
0.865478,3701,Community Service Community Development Corporation,256,0.865478,1,382837636,COMMUNITY SERVICE COMMUNITY DEVELOPMENT
0.86284,562,"General Motors Foundation, Inc. ",257,0.86284,1,382132136,GENERAL MOTORS FOUNDATION INC
0.862477,325,Loyola High School,258,0.862477,1,364520742,LOYOLA HIGH SCHOOL FOUNDATION
0.859494,234,"Friends of Assumption Foundation, Inc",259,0.859494,1,386072456,FRIENDS OF ASSUMPTION FOUNDATION INCORPORATED
0.857916,3966,Freedom House Detroit,260,0.857916,1,382487626,FREEDOM HOUSE
0.856235,3744,Children's Center of Wayne County Inc.,261,0.856235,1,381359505,CHILDRENS CENTER OF WAYNE COUNTY INC
0.855745,60,"Boys Hope Girls Hope of Michigan, Inc",262,0.855745,1,382536444,BOYS HOPE GIRLS HOPE
0.85043,3175,Citizens for Better Care,263,0.85043,1,237198603,CITIZENS FOR BETTER CARE INSTITUTE INC
0.844355,394,NextEnergy,264,0.844355,1,20648628,NEXTENERGY CENTER
0.843576,98,Church of the Messiah Housing Corporation,265,0.843576,1,382252958,CHURCH OF THE MESSIAH HOUSING CORP
0.839814,4737,Michigan Urban Farming Initiative (MUFI),266,0.839814,1,611672612,MICHIGAN URBAN FARMING INITIATIVE
0.837949,373,Museum of Contemporary Art Detroit (MOCAD),267,0.837949,1,203872376,MUSEUM OF CONTEMPORARY ART DETROIT
0.836281,501,"Transportation Riders United, Inc (TRU)",268,0.836281,1,383588943,TRANSPORTATION RIDERS UNITED INC
0.836255,176,Detroit Symphony Orchestra,269,0.836255,1,381385132,DETROIT SYMPHONY ORCHESTRA HALL INC
0.835716,432,Renaissance High School,270,0.835716,1,383333732,RENAISSANCE HIGH SCHOOL BAND
0.834206,259,Heat and Warmth Fund (THAW),271,0.834206,1,382646924,HEAT AND WARMTH FUND
0.833629,4251,"Detroit Community Initiative, Inc. ",272,0.833629,1,383252560,DETROIT COMMUNITY INITIATIVE INC
0.830382,409,People's Community Services of Metropolitan Detroit,273,0.830382,1,381641161,PEOPLES COMMUNITY SERVICES OF
0.826315,542,Wayne State University Press,274,0.826315,1,386028429,WAYNE STATE UNIVERSITY
0.818818,211,Excellent Schools Detroit (ESD),275,0.818818,1,274616034,EXCELLENT SCHOOLS DETROIT
0.812817,333,Maurice and Jane Sugar Law Center for Economic and Social Justice,276,0.812817,1,382971968,MAURICE & JANE SUGAR LAW CENTER FOR ECONOMIC AND SOCIAL JUSTICE
0.805134,284,Invest Detroit Foundation (IDF),277,0.805134,1,271927369,INVEST DETROIT FOUNDATION
0.804555,88,Children's Aid Society of Southeastern Michigan,278,0.804555,1,381532540,CHILDRENS AID SOCIETY
0.799266,389,New Michigan Media/Issue Media Group,279,0.799266,1,274268036,NEW MICHIGAN MEDIA
0.794093,368,Moms and Babes Too,280,0.794093,1,383277264,MOMS AND BABES TOO MSSP ISSP INC
0.791165,402,Operation Get Down,281,0.791165,1,382036469,OPERATION GET DOWN COMMUNITY RESEARCH PROJECTS
0.790386,2739,Detroit Police Athletic League Inc.,282,0.790386,1,383314318,DETROIT POLICE ATHLETIC LEAGUE INCORPORATED
0.790103,544,Wayne State University TechTown,283,0.790103,1,237080478,WAYNE STATE UNIVERSITY
0.777016,152,Detroit Health Care for the Homeless dba Advantage Health Centers,284,0.777016,1,382724796,DETROIT HEALTH CARE FOR THE HOMELESS
0.77335,439,"Rosa L. Parks Scholarship Foundation, Inc",285,0.77335,1,382339613,ROSA L PARKS SCHOLARSHIP FOUNDATION INC
0.771254,110,Community Development Advocates of Detroit,286,0.771254,1,383465670,COMMUNITY DEVELOPMENT ADVOCATES DETROIT
0.770901,488,Teen HYPE Youth Development Program,287,0.770901,1,262518642,TEEN HYPE
0.770323,25,"American Indian Health and Family Services of Southeastern Michigan, Inc",288,0.770323,1,383081615,AMERICAN INDIAN HEALTH AND FAMILY SERVICES OF SOUTHEASTERN MI INC
0.769892,535,Wayne County,289,0.769892,1,464151542,WAYNE COUNTY PROGRESS
0.766244,54,Boggs Educational Center Project Team (aka The James and Grace Lee Boggs School),290,0.766244,1,274227822,BOGGS EDUCATIONAL CENTER PROJECT TEAM
0.760998,3950,Detroit Economic Growth Corporation (DEGC),291,0.760998,1,382192028,DETROIT ECONOMIC GROWTH CORP
0.759504,552,"World Medical Relief, Inc. ",292,0.759504,1,381575570,WORLD MEDICAL RELIEF INCORPORATED
0.759267,328,Manna Community Meals,293,0.759267,1,382486222,MANNA COMMUNITY MEAL
0.757725,311,Lambert Sanctuaries Greater Woodward Community Development Corporation,294,0.757725,1,331199158,LAMBERT SANCTUARIES
0.744393,3365,KICK: The Agency for LGBT African-Americans,295,0.744393,1,562393981,KICK THE AGENCY FOR LGBT AFRICAN- AMERICANS
0.740078,17,Alliance for a Safer Greater Detroit dba Crime Stoppers of Michigan,296,0.740078,1,383113586,ALLIANCE FOR A SAFER GREATER
0.734702,5,555 Nonprofit Studio Gallery,297,0.734702,1,412145557,555 NON PROFIT STUDIO GALLERY
0.732734,194,Eastern Market Corporation,298,0.732734,1,320030432,EASTERN MARKET CORPORATIOIN
0.726301,248,Great Lakes Environmental Law Center,299,0.726301,1,611557918,GREAT LAKES ENVIROMENTAL LAW CENTER
0.725858,133,Detroit Black Community Food Security Network (DBCFSN),300,0.725858,1,331140762,DETROIT BLACK COMMUNITY FOOD SECURITY NETWORK INC
0.720027,4017,St. Vincent and Sarah Fisher Center (SVSF),301,0.720027,1,381359589,ST VINCENT AND SARAH FISHER CENTER
0.718731,400,Old Newsboys' Goodfellows Fund of Detroit,302,0.718731,1,386061491,OLD NEWSBOYS GOODFELLOW FUND OF DETROIT
0.716557,130,"Detroit Area Pre-College Engineering Program, Inc",303,0.716557,1,382451827,DETROIT AREA PRE COLLEGE ENGINEERING PROGRAM INC
0.714519,188,Dominican Literacy Center,304,0.714519,1,383195962,DOMINICAN LITERARY CENTER
0.705438,107,Coleman A. Young Foundation,305,0.705438,1,382400801,COLEMAN A YOUNG FOUNDATION
0.702755,4562,Blue Cross Blue Shield of Michigan,306,0.702755,1,382338506,BLUE CROSS AND BLUE SHIELD OF MICHIGAN FOUNDATION
0.702648,171,Detroit Rescue Mission Ministries,307,0.702648,1,381459371,DETROIT RESCUE MISSION MINISTRIES GENESIS HOUSE I II III & OASIS
0.686116,561,Detroit Foundation,308,0.686116,1,382529146,DETROIT FOUNDATION FOR THE ARTS
0.680614,372,Mt Moriah Community Development Corporation,309,0.680614,1,383627486,MOUNT MORIAH COMMUNITY DEVELOPMENT CORPORATION
0.677586,369,Mosaic Youth Theatre of Detroit,310,0.677586,1,383069610,MOSAIC YOUTH THEATER OF DETROIT
0.675145,407,Payne-Pulliam School of Trade and Commerce,311,0.675145,1,382030679,PAYNE PULLIAM SCHOOL OF TRADE AND COMMERCE INC
0.659941,631,Matilda R. Wilson Fund,312,0.659941,1,386087665,MATILDA R WILSON FUND
0.648756,184,Detroit-Windsor Dance Academy,313,0.648756,1,382802267,DETROIT WINDSOR DANCE ACADEMY
0.647458,431,"Rehabilitation Institute, Inc",314,0.647458,1,381417366,REHABILITATION INSTITUTE OF MICHIGAN FOUNDATION
0.644648,254,Habitat for Humanity Metro Detroit,315,0.644648,1,382708025,HABITAT FOR HUMANITY DETROIT
0.64348,533,"Warren-Connor Development Coalition, Inc",316,0.64348,1,382561225,WARREN-CONNER DEVELOPMENT COALITION INC
0.636721,587,ADULT,317,0.636721,1,381555827,ADULT WELL-BEING SERVICES
0.635402,386,New Common School Foundation,318,0.635402,1,383326860,THE NEW COMMON SCHOOL FOUNDATION
0.632585,380,National Council on Alcoholism and Drug Dependence Greater Detroit Area,319,0.632585,1,382471616,NATIONAL COUNCIL ON ALCHOLISM & DRUG DEPENDENCE GREATER DETROIT
0.619531,319,Love N Kindness CDC,320,0.619531,1,270858135,LOVE N KINDNESS COMMUNITY DEVELOPMENT CORPORATION
0.613207,146,Detroit Economic Growth Association (DEGA),321,0.613207,1,382433720,DETRIOT ECONOMIC GROWTH ASSOCIATION
0.606096,72,Care First Community Health Services,322,0.606096,1,20606865,CAREFIRST COMMUNITY HEALTH SERVICES
0.591701,360,Michigan Women's Foundation,323,0.591701,1,382689979,THE MICHIGAN WOMENS FOUNDATION
0.587772,3478,Trinity Community Service and Education Foundation,324,0.587772,1,383129349,TRINITY COMMUNITY SERVICES AND EDUCATIONAL FOUNDATION
0.58191,157,Detroit Institute of Arts,325,0.58191,1,381359510,THE DETROIT INSTITUTE OF ARTS
0.54452,449,"SER Metro Detroit Jobs for Progress, Inc",326,0.54452,1,382080820,SER-METRO-DETROIT JOBS FOR PROGRESS INC
0.526232,251,Green Door Initiative,327,0.526232,1,273467703,THE GREEN DOOR INITIATIVE
0.498929,396,Northend Community Development Corporation,328,0.498929,1,383435371,NORTHEND CHRISTIAN COMMUNITY DEVELOPMENT CORPORATION
0.492514,558,"Youth Connection, Inc",329,0.492514,1,20647494,THE YOUTH CONNECTION INC
0.491224,3212,Greater Mt Tabor Nonprofit Project,330,0.491224,1,20610352,GREATER MT TABOR NON PROFIT
0.474287,473,St John Community Center,331,0.474287,1,383390375,SAINT JOHN COMMUNITY CENTER
0.445339,260,Heidelberg Project,332,0.445339,1,382915871,THE HEIDELBERG PROJECT
0.443548,214,"Family Service, Inc",333,0.443548,1,381358187,FAMILY SERVICE OF DETROIT AND WAYNE COUNTY
0.429453,3764,"Pontifical Institute for Foreign Missions (PIME) Inc,",334,0.429453,1,386063848,PONTIFICAL INSTITUTE FOR FOREIGN MISSIONS-P I M E INC
0.378324,213,Faith Covenant Church,335,0.378324,1,382942876,WORD FAITH COVENANT CHURCH
0.369793,493,Society of St Vincent de Paul of Detroit,336,0.369793,1,381359592,THE SOCIETY OF ST VINCENT DE PAUL
0.36222,457,Southeast Michigan Community Alliance,337,0.36222,1,203194127,SOUTHEAST MICHIGAN COMMUNITY RESOURCE CENTER INC
0.360416,442,Sacred Heart Major Seminary Foundation,338,0.360416,1,381358214,SACRED HEART SEMINARY
0.353209,79,Catholic Social Services of Wayne County,339,0.353209,1,381539820,COMMUNITY SOCIAL SERVICES OF WAYNE COUNTY
0.322691,127,"Delta Sigma Theta Detroit Foundation, Inc",340,0.322691,1,382284966,DELTA SIGMA THETA SORORITY
0.32203,4554,A. Paul and Carol C. Schaap Foundation,341,0.32203,1,207097647,A PAUL AND CAROL C SCHAAPFOUNDATION
0.319508,232,"Freedom Institute for Economic, Social Justice and Political Empowerment",342,0.319508,1,200112266,FREEDOM INSTITUTE FOR ECONOMIC SOCIAL JUSTICE & PEOPLE EMPOWERMEN
0.316704,3591,DBLA Community Development corporation,343,0.316704,1,421747270,CKM COMMUNITY DEVELOPMENT CORPORATION
0.312792,84,Central United Methodist Church Community Development Corporation,344,0.312792,1,450510041,CENTRAL UNITED METHODIST CHURCH OF DETROIT COMMUNITY DEVELOPMENT CORP
0.311119,500,Thompson Foundation,345,0.311119,1,381359097,MARY THOMPSON FOUNDATION
0.293871,310,L.I.F.T. Women's Resource Center,346,0.293871,1,383015158,L I F T WOMENS RESOURCE CENTER
0.284299,114,Community PlanIT,347,0.284299,1,383360769,COMMUNITY PLANNING ASSOCIATION
0.267796,3355,"Ilitch Charties, Inc.",348,0.267796,1,383548144,ILITCH CHARITIES INC
0.231737,550,"Women of Tomorrow: Philadelphia, Detroit, Charlotte, Palm Beach - Women of Tomorrow Mentor and Scholarship Program",349,0.231737,1,331076510,WOMEN IN TOUCH
0.228767,219,First Book,350,0.228767,1,383185228,FIRST BAPTIST WORLD CHANGERS INTERNATIONAL MINISTRIES
0.217504,518,University of Michigan,351,0.217504,1,383685939,UNIVERSITY OF PENNSYLVANIA AND WHARTON ALUMNI CLUBS OF MICHIGAN
0.211071,478,St Maron Maronite Catholic Church,352,0.211071,1,381880861,ST MARON CATHOLIC CHURCH
0.208735,4539,Foundation for Detroitâ€™s Future,353,0.208735,1,464873153,FOUNDATION FOR DETROITS FUTURE
0.208566,584,City of Detroit,354,0.208566,1,300079259,CITY OF REFUGE CHRISTIAN CHURCH OF DETROIT
0.206451,465,Southwest Rides,355,0.206451,1,383038681,SOUTHWEST DETROIT COMMUNITY DEVELOPMENT CORPORATION SDCDC
0.194345,339,Metropolitan Organizing Strategy Enabling Strength (MOSES),356,0.194345,1,383357583,M O S E S METROPOLITAN ORGANIZING STRATEGY ENABLING STRENGTH
0.189535,2775,Wayne County Mortgage Foreclosure Prevention Program,357,0.189535,1,382026612,WAYNE CENTER
0.18941,573,Recovery Park,358,0.18941,1,273051022,RECOVERYPARK
0.180253,382,Neighborhood Club,359,0.180253,1,382076522,NEIGHBORHOOD LIVING INC
0.160363,160,Detroit Journal,360,0.160363,1,208016180,DETROIT FOUNDATION OF ARCHITECTSCONTRACTORS AND ENGINEERS INC
0.160154,162,Detroit Ledger,361,0.160154,1,383376881,DETROIT CENTER FOR YOUTH DEVELOPMENT
0.155565,138,Detroit Chinese Engineer Association,362,0.155565,1,471420675,DETROIT CHANGE
0.15241,599,Detroit Community Health Foundation,363,0.15241,1,452394278,DETROIT UNITY FUND
0.148648,3691,St Cecilia Catholic Church,364,0.148648,1,381970468,ST CECILIA PARISH
0.147776,21,Alumni Association of the University of Michigan,365,0.147776,1,386067578,ALUMNI ASSOCIATION OF THE WAYNE STATE UNIVERSITY COLLEGE OF MEDICI
0.14376,182,Detroit Youth Foundation,366,0.14376,1,203640869,DETROIT MOTTEP FOUNDATION
0.143291,225,Ford Foundation,367,0.143291,1,453730658,ANNE FORD FOUNDATION
0.142109,543,Wayne State University Research & Technology,368,0.142109,1,412061387,WAYNE STATE UNIV RESEARCH & TECHNO- LOGY PARK IN THE CITY OF DETROIT
0.141742,4107,Michigan Association of Public School Academies,369,0.141742,1,464463754,MICHIGAN ASSOCIATION OF REGIONS
0.136366,475,St John Health Foundation,370,0.136366,1,202961579,ST JOHN HOSPITAL FOUNDATION
0.135746,4344,United Cerebral Palsy Association of Metropolitan Detroit (UCP),371,0.135746,1,465422261,UNITED HOUSE
0.133748,340,Metropolitan United Methodist Church,372,0.133748,1,381660740,METROPOLITAN AFRICAN METHODIST EPISCOPAL ZION CHURCH
0.133632,4124,Detroit Housing Commission,373,0.133632,1,20682814,DETROIT HOUSING GROUP
0.128827,166,Detroit Police Department,374,0.128827,1,382178791,DETROIT FIRE DEPARTMENT MUTUAL BENEFIT FUND
0.128143,282,International Institute Foundation,375,0.128143,1,381418845,INTERNATIONAL MASONS
0.119824,503,"Triangle Foundation, Inc",376,0.119824,1,382556668,THE TRIANGLE FOUNDATION
0.115032,3712,First Community Baptist Church,377,0.115032,1,382766926,FIRST GLORY BAPTIST CHURCH
0.114072,538,Wayne County Sheriff Office,378,0.114072,1,382983116,WAYNE COUNTY SHERIFFS YOUTH EDUCATION FUND
0.109035,2829,"Great Lakes Aquatic Habitat Network and Fund, Inc.",379,0.109035,1,371574945,GREAT LAKES LEGAL INC
0.104045,198,"Educational Trust, Inc",380,0.104045,1,455406280,EDUCATIONAL ARTS SOCIETY INC
0.0969243,149,Detroit Elders Project,381,0.0969243,1,462701303,DETROIT RECOVERY PROJECT FOUNDATION
0.0960456,443,Samaritan Center,382,0.0960456,1,383842537,SAMARITAN HEARTS INC
0.0906882,244,Grace Episcopal Church,383,0.0906882,1,383558377,GRACE HOUSE
0.0896978,4637,Detroit Public Schools,384,0.0896978,1,386089391,DETROIT PUBLIC LIBRARY STAFF ASSOCIATION
0.0888627,620,Motor City Brass Band,385,0.0888627,1,383322356,MOTOR CITY TRAVELERS SCHOLARSHIP FUND
0.0883858,181,Detroit Youth Food Brigade,386,0.0883858,1,471772645,DETROIT YOUTH VOLUME
0.0873997,4062,Detroit Medical Orchestra,387,0.0873997,1,382609947,DETROIT SYMPHONY ORCHESTRA ENDOWMENT TRUST FUND II
0.0857172,3954,Metro Foods,388,0.0857172,1,450561092,METRO MULTI CULTURAL FINE ARTS INCORPORATED
0.0857103,277,Independent Sector,389,0.0857103,1,383391411,INDEPENDENT LIVING HOUSING INC
0.0846195,3805,Detroit Winter Blast Foundation,390,0.0846195,1,383038785,DETROIT SUMMER
0.083839,351,Michigan Opportunities and Resources for Entrepreneurs (MORE),391,0.083839,1,421762192,THE MATCHING OPPORTUNITIES AND RESOURCES TO ENTREPRENEURS PROG
0.0819198,3896,Creative Capital Foundation,392,0.0819198,1,453359984,CREATIVE RIGHTS
0.0778006,337,Metro Detroit AFL-CIO Joint Council,393,0.0778006,1,381587001,METROPOLITAN DETROIT AFL-CIO COUNCIL
0.0776221,470,SS Peter and Paul Jesuit Church,394,0.0776221,1,381490178,SS PETER AND PAUL RUSSIAN ORTHODOX CATHEDRAL
0.0660493,3811,Friends of the Detroit River,395,0.0660493,1,383289692,FRIENDS OF HOLMES
0.0653554,349,Michigan Nonprofit Association (MNA),396,0.0653554,1,452626141,MICHIGAN VEDIC ASSOCIATION
0.0640344,405,Our Lady Gate of Heaven Church,397,0.0640344,1,237365341,OUR LADY QUEEN OF HEAVEN LOCOMOTIVE CLUB
0.0636629,2612,North American Souvenirs,398,0.0636629,1,380952976,NORTH AMERICAN MALTESE ASSOCIATIONS INC
0.0627577,62,Bridge to the Garbage King,399,0.0627577,1,300528517,BRIDGE THE GAP INC
0.0625623,528,"Volunteers in Prevention, Probation and Prisons, Inc",400,0.0625623,1,721288663,VOLUNTEERS OF AMERICA INC
0.0620725,267,Highland Park Hoop House,401,0.0620725,1,461540360,HIGHLAND PARK HEALTH CENTER
0.0615994,4059,Detroit Recreation Department,402,0.0615994,1,464068556,DETROIT RECREATION FOUNDATION
0.0605964,3394,Detroit Represent!,403,0.0605964,1,381681020,DETROIT FIREMENS FUND ASSOCIATION FOR THE RELIEF OF DISABLED FIREMEN
0.0594274,408,People of Detroit Photodocumentary,404,0.0594274,1,382453510,PEOPLE CONVERT
0.0592864,140,Detroit Community High (DCH) Printing,405,0.0592864,1,383513593,DETROIT COMMUNITY OUTREACH
0.0551617,477,St John's/St Luke's Evangical United Church of Detroit,406,0.0551617,1,383238773,ST JOHNS HOLDINGS INC
0.054321,356,Michigan State University,407,0.054321,1,383225136,MICHIGAN STATE COUNCIL OF SENIOR CITIZENS
0.0529678,2768,Henry Ford Learning institute,408,0.0529678,1,386066332,HENRY FORD II FUND
0.052029,623,North American Residency,409,0.052029,1,382812400,NORTH AMERICAN MALTESE ASSOCIATIONS INC
0.0498738,419,"Project SEED, Inc",410,0.0498738,1,472251503,PROJECT UNITY COMMUNITY DEVELOPMENT CORPORATION
0.0493694,3373,Detroit Mom and Pop Shop,411,0.0493694,1,454722161,DETROIT 90-90
0.0487798,352,Michigan Philharmonic,412,0.0487798,1,386091733,MICHIGAN OCCUPATIONAL AND ENVIRONMENTAL MEDICINE ASSOCIATION
0.039638,89,Children's Defense Fund,413,0.039638,1,382306176,CHILDRENS HOSPITAL OF MICHIGAN MEDICAL STAFF FUND
0.0393471,444,SAY Detroit,414,0.0393471,1,204786626,S A Y DETROIT
0.0377529,4578,Vera and Joseph Dresner Foundation Inc.,415,0.0377529,1,311652204,VERA AND IMRE HECHT FOUNDATION INC
0.0351012,2785,Michigan 4-H Foundation,416,0.0351012,1,383213534,MICHIGAN APPELLATE BENCH BAR CONFERENCE FOUNDATION
0.0349519,76,Cathedral Church of St. Paul,417,0.0349519,1,382733619,CATHEDRAL OF HOPE
0.0338904,514,University Hospital Association,418,0.0338904,1,386099931,UNIVERSITY DISTRICT COMMUNITY ASSOCIATION INCORPORATED
0.0336935,524,Urban Recovery Farm,419,0.0336935,1,382346235,URBAN BANKERS FORUM INC URBAN FINANCIAL SERVICE
0.0334347,4702,Wayne County Community College District,420,0.0334347,1,861075099,WAYNE COUNTY VISION FUND
0.0306832,174,Detroit Science Center,421,0.0306832,1,381515410,DETROIT GARDEN CENTER
0.0285832,4490,Michigan State Treasurer,422,0.0285832,1,386104147,MICHIGAN STATE MEDICAL SOCIETY AUX
0.0284372,68,Business Accelerator Network for Southeast Michigan (BAN),423,0.0284372,1,381941576,BUSINESS LEADERS FOR MICHIGAN
0.028196,383,Neighborhood Funders Group,424,0.028196,1,200209229,NEIGHBORHOOD FIRST INC
0.0270002,93,Christ Child House,425,0.0270002,1,381366911,CHRIST CHURCH OF THE CITY OF DETROIT
0.0246968,4735,Sherwood Prototype,426,0.0246968,1,271023226,SHERWOOD FOREST ASSOCIATION
0.0246764,220,FIRST in Michigan,427,0.0246764,1,270052783,FIRST RESURRECTION EVANGELICAL MINISTRIES
0.0243405,540,Wayne State University College of Engineering,428,0.0243405,1,753235212,WAYNE STATE UNIVERSITY SCHOOL OF MEDICINE STUDENT SENATE
0.0233662,3898,The Miami Foundation Inc.,429,0.0233662,1,300603463,THE MCKINNEY FOUNDATION INC
0.0232236,3449,Society for the Propagation of the Faith - Detroit,430,0.0232236,1,237088459,SOCIETY FOR NEUROSCIENCE
0.0228887,205,Equality Michigan,431,0.0228887,1,452785854,EQUALITY FOR A CAUSE INC
0.0222478,3106,William Davidson Foundation,432,0.0222478,1,203195370,WILLIAM JOCHOS FOUDATION
0.0219635,81,Center for Michigan,433,0.0219635,1,382421507,CENTER FOR CHANGES
0.0196395,446,School District of the City of Detroit,434,0.0196395,1,800599984,SCHOOL OF LIFE INC
0.0190231,3514,Daughters of Yaa Asantewaa,435,0.0190231,1,382095290,DAUGHTERS OF ISIS OF NORTH & SOUTH AMERICA
0.0181643,4680,House of Morrison Shoe Repair,436,0.0181643,1,464320030,HOUSE OF PROVIDENCE
0.0177301,124,Charles Stewart Mott Foundation,437,0.0177301,1,383384181,CHARLES R ELMER SCHOLARSHIP FOUNDATION TRUST 02 03 322 0583280
0.0177077,440,Royal Transportation,438,0.0177077,1,50632809,ROYAL RYDERZ
0.0173813,321,"Living Cities, Inc",439,0.0173813,1,300263961,LIVING IN CHRIST MINISTRIES
0.0172765,422,Public School Academies of Detroit,440,0.0172765,1,382449857,PUBLIC SCHOOL LEAGUE ALUMNI SPORTS ASSOCIATION INCORPORATED
0.0168868,346,Michigan League for Human Services,441,0.0168868,1,383500460,MICHIGAN GUARDIAN SERVICES
0.0167508,343,Michigan Colleges Foundation,442,0.0167508,1,380826300,MICHIGAN CATHOLIC CO
0.0164698,4094,Robert Wood Johnson Foundation,443,0.0164698,1,462137938,ROBERT A SACCARO FOUNDATION
0.0156384,381,"National Urban Fellows, Inc",444,0.0156384,1,383494883,NATIONAL BLACK TALK SHOW ASSOCIATION FOR EDUCATION AND
0.0155788,2773,Wayne County Prosecutor's Office,445,0.0155788,1,320127191,WAYNE COUNTY REGIONAL JOBS AND ECONOMIC GROWTH FOUNDATION
0.0148041,269,Holy Cross Children's Services,446,0.0148041,1,381566841,HOLY CROSS LUTHERAN CHURCH
0.0140866,94,Christ the King Elementary School,447,0.0140866,1,272957270,CHRIST THE KING SERVICE CORPS
0.0140498,521,"Urban Business Consultant, Inc",448,0.0140498,1,383244502,URBAN SOLUTIONS INC
0.0137928,4203,Detroit/Wayne County Community Mental Health,449,0.0137928,1,611580128,DETROIT UNITY IN THE COMMUNITY INC
0.0130408,306,"John S. and James L. Knight Foundation, Inc.",450,0.0130408,1,266003516,JOHN SCULLY FOUNDATION
0.0127054,3524,Young Educators Alliance,451,0.0127054,1,381360596,YOUNG WOMENS CHRISTIAN ASSOCIATION OF METROPOLITAN DETROIT
0.0120474,433,University Musical Society,452,0.0120474,1,383064919,UNIVERSITY SURGEONS PC
0.011584,357,Michigan Suburbs Alliance,453,0.011584,1,452717273,MICHIGAN ALLIANCE FOR RETIRED AMERICANS
0.010543,183,Detroit Zoological Society,454,0.010543,1,382203490,DETROIT TEMPLE OF THE INTERNATIONAL SOCIETY FOR KRISHNA
0.00858145,519,University Preparatory Academy,455,0.00858145,1,383336414,UNIVERSITY PEDIATRICIANS
0.00788189,379,National Community Development Institute,456,0.00788189,1,830462864,NATIONAL NEIGHBORHOOD PROPERTIES COMMUNITY DEVELOPMENT CORP NNPCDC
0.00737577,4200,Michigan Minority Supplier Development Council,457,0.00737577,1,382292187,MICHIGAN MINORITY PURCHASING COUNCIL MMSDC
0.00734399,180,Detroit Wayne County Health Authority,458,0.00734399,1,364721190,DETROIT-WAYNE COUNTY PORT FOUNDATION
0.00618719,99,Citizens Research Council of Michigan,459,0.00618719,1,383111320,CITIZENS WITH CHALLENGES
0.00597472,2970,Renaissance Community Rebuilders,460,0.00597472,1,382716923,RENAISSANCE BAPTIST CHURCH
0.00591669,397,"Northwest Community Programs, Inc",461,0.00591669,1,386143338,NORTHWEST PEOPLES CHURCH
0.00546235,592,Carls Foundation,462,0.00546235,1,386761927,CARLS ENDOWMENT TRUST
0.00535892,196,Edison Institute,463,0.00535892,1,381234192,EDISON BOAT CLUB
0.00535461,541,Wayne State University Damen Keith Collection,464,0.00535461,1,382194665,WAYNE STATE UNIVERSITY EPISCOPAL MISSION INC
0.00450899,4716,"Providence Community Services, Inc",465,0.00450899,1,383526629,PROVIDENCE HEALTH FOUNDATION INC
0.00448518,136,Detroit Chamber Winds and Strings,466,0.00448518,1,380477570,DETROIT REGIONAL CHAMBER
0.00445581,218,Fender Bender Detroit,467,0.00445581,1,472312721,ENDEAVOR DETROIT
0.00432961,645,Southeast Michigan Food System Navigators,468,0.00432961,1,237441737,SOUTHEAST MICHIGAN CENTER FOR MEDICAL EDUCATION
0.00407176,593,Center of Music & Performing Arts Southwest (COMPAS),469,0.00407176,1,582598993,CENTER FOR CREATIVE ARTS INC
0.00406887,515,University Liggett School,470,0.00406887,1,205498662,UNIVERSITY COMMONS ORGANIZATION
0.00359023,168,Detroit Public Television,471,0.00359023,1,471268599,DETROIT STEAM ACADEMY CHARTER PUBLIC SCHOOL
0.00339138,4311,"North American Indian Association of Detroit, Inc ",472,0.00339138,1,463851485,NORTH CORKTOWN NEIGHBORHOOD ASSOCIATION
0.00329481,522,Urban League of Detroit and Southeastern Michigan,473,0.00329481,1,830343371,URBAN DEVELOPMENT CORPORATION
0.00264732,4713,Midwest Careers Institute Inc,474,0.00264732,1,263165353,MIDWEST RESOURCE DEVELOPMENT AGENCY INC
0.00250326,222,Focus on the Family,475,0.00250326,1,10790394,FOCUS HOPE REVITALIZATION
0.00248539,3725,Society of Women Engineers - Detroit Section,476,0.00248539,1,386143419,SOCIETY OF AMERICAN MILITARY ENGINEERS
0.00241368,4070,Urban Stringz II Youth Ensemble,477,0.00241368,1,113821497,URBAN YOUTH PROGRAM
0.00222663,8,Action by Presence,478,0.00222663,1,382962540,ACTION OUTREACH MINISTRY
0.00218502,4590,National Institutes of Health (NIH),479,0.00218502,1,383302761,NATIONAL FAITH HOMEBUYERS
0.00206515,474,St John Community Health Investment Corporation,480,0.00206515,1,382145289,ST JOHN BAPTIST CHURCH OF DETROIT INC
0.00197252,3516,Little Princess Pamper and CafÃ©,481,0.00197252,1,383672949,LITTLE SCHOLARS OF DETROIT
0.00139738,78,Catherine Ferguson Academy,482,0.00139738,1,50607609,CATHERINE A MCLAUGHLIN FUND
0.0010211,287,Japan America Society (JAS) of Greater Detroit and Windsor,483,0.0010211,1,382880567,GREATER DETROIT AND WINDSOR JAPAN AMERICA SOCIETY
0.000875257,4113,St Matthews St Josephs Episcopal Church,484,0.000875257,1,382127313,ST MATTHEWS CHURCH OF DIVINITY SCIENCE
0.000774137,2748,St John Hospital and Medical Center,485,0.000774137,1,383464691,ST JOHN THE GREAT BAPTIST CHURCH
0.000671101,476,St John Hospital and Medical Center,486,0.000671101,1,381533940,ST JOHN EVANGELICAL LUTHERAN CHURCH
0.000666022,498,"Third Sector New England, Inc",487,0.000666022,1,382479153,THIRD LATIN AMERICAN BAPTIST CHURCH
